Rank,Major,Degree Type,Early Career Pay,Mid-Career Pay,% High Meaning
0,-,-,-,Median salary for alumni with 0-5 years experience,Median salary for alumni with 10+ years experience,% alumni who say their work makes the world a better place
1,1,Petroleum Engineering,Bachelors,"$93,200","$187,300",67%
2,2,Operations Research & Industrial Engineering,Bachelors,"$84,800","$170,400",28%
3,3,Electrical Engineering & Computer Science (EECS),Bachelors,"$108,500","$159,300",46%
4,4,Interaction Design,Bachelors,"$68,300","$155,800",55%
5,5,Public Accounting,Bachelors,"$59,800","$147,700",47%
6,6,Operations Research,Bachelors,"$83,500","$147,400",54%
7,7,Applied Economics and Management,Bachelors,"$66,100","$146,400",67%
8,8,Business Computing (BC),Bachelors,"$73,000","$143,600",-
9,9,Actuarial Mathematics,Bachelors,"$64,300","$143,400",51%
10,10,Electrical Power Engineering,Bachelors,"$76,100","$142,600",68%
11,11,Information & Computer Science,Bachelors,"$58,600","$140,900",62%
12,12,Aeronautics & Astronautics,Bachelors,"$77,600","$139,600",56%
13,13,Systems Engineering,Bachelors,"$77,700","$139,200",53%
14,14,Econometrics,Bachelors,"$64,200","$139,000",35%
15,15,Pharmacy,Bachelors,"$68,600","$138,700",78%
16,16,Aerospace Studies,Bachelors,"$55,800","$136,600",-
17,17,Building Science,Bachelors,"$53,800","$135,900",53%
18,17,Chemical Engineering,Bachelors,"$76,900","$135,900",55%
19,19,Cognitive Science,Bachelors,"$68,700","$135,200",42%
20,20,Actuarial Science,Bachelors,"$67,700","$134,400",43%
21,21,Political Economy,Bachelors,"$65,100","$133,500",29%
22,22,Computer Systems Engineering,Bachelors,"$79,000","$133,200",51%
23,23,Electrical & Computer Engineering (ECE),Bachelors,"$78,100","$131,600",49%
24,24,Computer Science (CS) & Engineering,Bachelors,"$79,400","$131,300",44%
25,24,Marine Engineering,Bachelors,"$79,900","$131,300",60%
0,26,Aeronautical Engineering,Bachelors,"$74,700","$131,100",66%
1,27,Computer Engineering (CE),Bachelors,"$79,000","$131,000",46%
2,28,Naval Architecture & Marine Engineering,Bachelors,"$74,400","$130,700",49%
3,29,Entrepreneurship & Marketing,Bachelors,"$51,400","$129,800",45%
4,30,Corporate Accounting & Finance,Bachelors,"$65,200","$129,700",55%
5,31,Mechatronics,Bachelors,"$72,800","$129,600",48%
6,32,Nuclear Engineering,Bachelors,"$76,400","$129,400",62%
7,33,Electrical Engineering (EE),Bachelors,"$75,600","$127,700",54%
8,33,Foreign Affairs,Bachelors,"$54,800","$127,700",36%
9,35,Marine Transportation Management,Bachelors,"$71,100","$127,500",-
10,36,Mechanical & Aeronautical Engineering,Bachelors,"$70,900","$126,900",60%
11,37,Welding Engineering,Bachelors,"$81,000","$126,600",56%
12,38,Instrumentation & Control Engineering,Bachelors,"$73,100","$126,400",-
13,39,Computational & Applied Mathematics,Bachelors,"$75,500","$126,000",45%
14,40,Electrical & Electronics Engineering (EEE),Bachelors,"$74,700","$125,800",56%
15,41,Aerospace Engineering,Bachelors,"$74,300","$125,700",55%
16,42,Astronomy,Bachelors,"$66,600","$125,400",47%
17,42,Optical Science & Engineering,Bachelors,"$71,000","$125,400",-
18,42,Quantitative Business Analysis,Bachelors,"$74,000","$125,400",37%
19,45,Computer Science (CS) & Mathematics,Bachelors,"$70,500","$125,100",43%
20,46,Industrial & Systems Engineering,Bachelors,"$73,100","$124,800",48%
21,47,Economics and Mathematics,Bachelors,"$68,200","$124,100",35%
22,48,Biomedical Engineering (BME),Bachelors,"$71,300","$123,600",72%
23,48,Managerial Economics,Bachelors,"$65,200","$123,600",41%
24,50,Computer Science (CS),Bachelors,"$75,100","$123,400",42%
0,50,Physics & Astronomy,Bachelors,"$56,500","$123,400",36%
1,52,Petroleum Land Management,Bachelors,"$59,300","$123,100",-
2,52,Bioscience,Bachelors,"$49,200","$123,100",-
3,54,Electronics & Communications Engineering,Bachelors,"$67,400","$122,900",51%
4,55,Control Engineering,Bachelors,"$69,700","$122,800",61%
5,56,Pharmacology,Bachelors,"$57,700","$122,700",-
6,57,Business Analysis,Bachelors,"$63,200","$122,300",46%
7,58,Aeronautical Science & Engineering,Bachelors,"$56,000","$122,200",50%
8,58,Metallurgical Engineering,Bachelors,"$81,800","$122,200",61%
9,60,Engineering Science,Bachelors,"$67,900","$122,100",45%
10,61,Applied Mathematics,Bachelors,"$68,300","$122,000",40%
11,62,Chemical & Biomolecular Engineering,Bachelors,"$76,800","$121,900",48%
12,63,Materials Science,Bachelors,"$67,100","$121,800",-
13,64,Engineering,Bachelors,"$69,900","$121,700",59%
14,65,Ocean Engineering (OE),Bachelors,"$69,400","$121,400",51%
15,66,Bioengineering (BioE),Bachelors,"$70,900","$121,300",67%
16,67,Aeronautical/Aerospace Engineering Technology,Bachelors,"$76,900","$121,200",53%
17,68,Integrated Science & Technology,Bachelors,"$65,200","$121,100",56%
18,69,Operations Management & Information Systems,Bachelors,"$66,100","$120,900",38%
19,70,Software Engineering,Bachelors,"$75,000","$120,000",43%
20,71,Physics,Bachelors,"$65,900","$119,700",48%
21,72,Quantitative Economics,Bachelors,"$65,000","$119,600",43%
22,73,Computer & Information Science,Bachelors,"$63,600","$119,500",55%
23,74,Geophysics,Bachelors,"$58,000","$119,000",47%
24,75,Accounting & Economics,Bachelors,"$65,900","$118,900",44%
0,76,Physician Assistant Studies,Bachelors,"$95,900","$118,500",84%
1,77,Mining Engineering,Bachelors,"$78,800","$118,300",64%
2,78,Construction Engineering Management,Bachelors,"$68,800","$118,200",57%
3,79,Mechanical Engineering (ME),Bachelors,"$71,000","$117,600",50%
4,80,Materials Science & Engineering,Bachelors,"$72,700","$117,500",47%
5,81,Engineering Mechanics,Bachelors,"$75,500","$117,400",-
6,81,Industrial Engineering (IE),Bachelors,"$71,900","$117,400",44%
7,81,International Business & Finance,Bachelors,"$61,400","$117,400",31%
8,84,Accounting & Computer Systems,Bachelors,"$63,000","$117,300",37%
9,85,Business & Information Technology (IT),Bachelors,"$60,100","$116,900",44%
10,86,Applied Physics,Bachelors,"$67,300","$116,500",52%
11,87,International Economics,Bachelors,"$58,700","$116,300",48%
12,88,Business & Economics,Bachelors,"$59,600","$116,200",46%
13,89,Ceramic Engineering,Bachelors,"$69,200","$115,700",-
14,89,Economics,Bachelors,"$62,000","$115,700",41%
15,89,Pharmaceutical Sciences (PS),Bachelors,"$52,800","$115,700",69%
16,92,Telecommunications Engineering,Bachelors,"$66,400","$115,400",47%
17,93,Information & Decision Sciences,Bachelors,"$65,200","$115,200",33%
18,93,Materials Engineering,Bachelors,"$72,300","$115,200",58%
19,93,Paper Science,Bachelors,"$77,000","$115,200",39%
20,96,Asian Studies,Bachelors,"$47,700","$115,100",41%
21,96,Structural Engineering (SE),Bachelors,"$67,800","$115,100",66%
22,98,Industrial Distribution,Bachelors,"$63,600","$115,000",48%
23,99,Management Information Systems (MIS),Bachelors,"$65,000","$114,100",42%
24,100,Electronics Engineering,Bachelors,"$69,600","$113,900",66%
0,100,Finance & Economics,Bachelors,"$62,600","$113,900",42%
1,102,Medical Science,Bachelors,"$52,000","$113,800",-
2,102,Japanese Studies,Bachelors,"$51,500","$113,800",21%
3,102,Automotive Engineering,Bachelors,"$67,300","$113,800",48%
4,105,Information Management,Bachelors,"$64,300","$112,800",38%
5,106,Management Science,Bachelors,"$64,600","$112,700",43%
6,106,Mechanical,Bachelors,"$70,200","$112,700",54%
7,108,Construction Engineering,Bachelors,"$67,300","$112,500",59%
8,109,Finance & Investments,Bachelors,"$64,100","$112,400",44%
9,109,Mathematics & Statistics,Bachelors,"$63,100","$112,400",43%
10,111,Information Systems Management,Bachelors,"$59,200","$112,300",49%
11,112,Construction Project Management,Bachelors,"$61,100","$112,200",58%
12,112,Engineering Management,Bachelors,"$69,000","$112,200",57%
13,112,Packaging Science,Bachelors,"$70,000","$112,200",35%
14,115,Industrial Engineering & Management,Bachelors,"$68,300","$112,000",55%
15,116,Engineering Physics,Bachelors,"$70,500","$111,800",50%
16,117,Energy Management,Bachelors,"$72,300","$111,700",71%
17,118,Aeronautical Science,Bachelors,"$57,700","$111,600",57%
18,119,Government,Bachelors,"$55,100","$111,200",47%
19,120,Software Applications & Programming,Bachelors,"$59,300","$110,800",45%
20,121,Astrophysics,Bachelors,"$69,300","$110,700",64%
21,122,Bioenvironmental Science,Bachelors,"$47,700","$110,500",-
22,123,Japanese Language,Bachelors,"$53,300","$110,300",42%
23,124,Business Economics,Bachelors,"$58,400","$110,200",43%
24,124,Finance & Real Estate,Bachelors,"$63,000","$110,200",44%
0,126,Manufacturing Engineering,Bachelors,"$69,300","$110,000",47%
1,127,Atmospheric Science,Bachelors,"$48,700","$109,900",55%
2,128,Cybersecurity,Bachelors,"$65,600","$109,800",55%
3,129,Information Security & Assurance,Bachelors,"$61,400","$109,300",47%
4,130,Medicine,Bachelors,"$60,600","$109,200",92%
5,131,Civil Engineering (CE),Bachelors,"$65,000","$109,000",65%
6,132,Environmental Health & Safety Management,Bachelors,"$61,100","$108,800",61%
7,133,Mathematics,Bachelors,"$63,500","$108,700",45%
8,134,Applied Economics,Bachelors,"$61,400","$108,600",38%
9,135,Construction Science,Bachelors,"$67,400","$108,500",63%
10,135,Political Communication,Bachelors,"$48,800","$108,500",55%
11,137,Marketing & International Business,Bachelors,"$52,500","$108,400",34%
12,137,Software Development,Bachelors,"$65,500","$108,400",45%
13,139,Biochemistry & Molecular Biology,Bachelors,"$53,900","$108,100",71%
14,140,Computing,Bachelors,"$63,500","$108,000",53%
15,140,Construction Management,Bachelors,"$63,200","$108,000",58%
16,142,Accounting & Taxation,Bachelors,"$55,600","$107,800",41%
17,142,Building Construction (BC),Bachelors,"$67,200","$107,800",52%
18,142,International & Comparative Politics,Bachelors,"$45,700","$107,800",53%
19,145,Civil & Environmental Engineering,Bachelors,"$65,300","$107,500",67%
20,146,Business Information Systems,Bachelors,"$65,000","$107,400",43%
21,147,Financial Economics,Bachelors,"$63,300","$107,200",41%
22,147,Sales & Business Marketing,Bachelors,"$55,900","$107,200",51%
23,149,Plastics Engineering,Bachelors,"$68,400","$107,100",58%
24,150,Information Technology Management,Bachelors,"$63,400","$107,000",48%
0,151,Polymer Science & Engineering,Bachelors,"$74,500","$106,900",-
1,152,Informatics,Bachelors,"$70,300","$106,800",42%
2,153,Computer Management Information Systems (CMIS),Bachelors,"$55,700","$106,600",47%
3,153,Information Systems (IS),Bachelors,"$63,900","$106,600",44%
4,155,Agricultural Economics,Bachelors,"$55,600","$106,300",58%
5,156,Data Processing,Bachelors,"$65,600","$106,200",45%
6,157,European Studies,Bachelors,"$47,500","$106,100",46%
7,158,Biosystems Engineering,Bachelors,"$64,700","$106,000",74%
8,158,Nuclear Engineering Technology (NET),Bachelors,"$83,500","$106,000",62%
9,160,Economics & Political Science,Bachelors,"$57,100","$105,700",47%
10,160,Global & International Studies,Bachelors,"$50,000","$105,700",46%
11,162,Organic Chemistry,Bachelors,"$44,500","$105,600",-
12,163,Industrial Hygiene,Bachelors,"$58,600","$105,500",55%
13,163,Safety Science,Bachelors,"$62,400","$105,500",-
14,165,Commerce,Bachelors,"$66,800","$105,400",40%
15,165,Rhetoric,Bachelors,"$51,600","$105,400",44%
16,167,Business Computer Information Systems (BCIS),Bachelors,"$64,000","$105,300",40%
17,168,Finance,Bachelors,"$60,200","$105,200",42%
18,169,Plastics Engineering Technology,Bachelors,"$66,900","$105,100",28%
19,170,Molecular Biology,Bachelors,"$54,100","$105,000",67%
20,171,Environmental Engineering,Bachelors,"$62,600","$104,800",62%
21,171,International Management,Bachelors,"$54,100","$104,800",51%
22,173,Computer Information Systems,Bachelors,"$59,400","$104,700",42%
23,174,Corporate Finance,Bachelors,"$63,600","$104,300",43%
24,175,Genetics,Bachelors,"$52,200","$104,100",72%
0,175,International Business,Bachelors,"$55,300","$104,100",39%
1,177,Agricultural Engineering (AE),Bachelors,"$63,100","$104,000",63%
2,178,Consumer Economics,Bachelors,"$53,700","$103,800",40%
3,179,Finance & Marketing,Bachelors,"$56,800","$103,700",46%
4,180,Computer Information Systems (CIS),Bachelors,"$60,500","$103,500",47%
5,181,Business Finance,Bachelors,"$57,200","$103,300",42%
6,182,Psychobiology,Bachelors,"$49,600","$103,100",65%
7,182,Strategic Management,Bachelors,"$66,200","$103,100",47%
8,182,Construction Trades,Bachelors,"$61,900","$103,100",48%
9,185,Operations Management (OM),Bachelors,"$61,500","$103,000",45%
10,186,Entrepreneurship & Leadership,Bachelors,"$57,100","$102,900",43%
11,187,Electrical Engineering Technology (EET),Bachelors,"$66,300","$102,800",47%
12,188,Computer Science & Information Technology,Bachelors,"$66,000","$102,700",50%
13,188,Food Marketing,Bachelors,"$56,300","$102,700",24%
14,190,International Marketing,Bachelors,"$59,000","$102,600",22%
15,190,Network Engineering,Bachelors,"$60,700","$102,600",55%
16,192,Building Construction Management,Bachelors,"$61,300","$102,400",63%
17,193,Engineering Technology (ET),Bachelors,"$58,400","$102,300",47%
18,194,International Relations,Bachelors,"$52,800","$102,200",49%
19,194,Management & Finance,Bachelors,"$56,800","$102,200",59%
20,194,Information Security,Bachelors,"$66,400","$102,200",48%
21,197,Business Operations,Bachelors,"$63,500","$102,100",-
22,198,Industrial Management,Bachelors,"$57,800","$102,000",53%
23,199,Architectural Engineering,Bachelors,"$65,000","$101,900",58%
24,199,Hotel Administration,Bachelors,"$64,900","$101,900",35%
0,201,Manufacturing,Bachelors,"$57,600","$101,500",48%
1,202,Agricultural Economics & Business,Bachelors,"$54,900","$101,400",56%
2,203,Web Development,Bachelors,"$56,400","$101,300",46%
3,204,Aviation,Bachelors,"$54,000","$101,200",48%
4,204,Telecommunications Management,Bachelors,"$55,000","$101,200",42%
5,206,Property Management,Bachelors,"$55,200","$101,000",47%
6,207,Comparative Literature,Bachelors,"$48,100","$100,900",46%
7,208,Construction Science & Management,Bachelors,"$64,700","$100,800",71%
8,209,Biotechnology,Bachelors,"$53,100","$100,700",59%
9,210,Industrial & Labor Relations,Bachelors,"$69,800","$100,600",44%
10,210,Real Estate,Bachelors,"$59,900","$100,600",36%
11,212,Mechanical Engineering Technology (MET),Bachelors,"$64,200","$100,400",48%
12,213,Labor Relations,Bachelors,"$53,000","$100,300",41%
13,214,Electronics,Bachelors,"$57,500","$100,200",63%
14,215,Biochemistry (BCH),Bachelors,"$50,400","$99,900",62%
15,215,Politics,Bachelors,"$53,000","$99,900",51%
16,217,Accounting & Auditing,Bachelors,"$57,800","$99,800",45%
17,218,Chinese Language,Bachelors,"$54,200","$99,600",43%
18,219,Information Science (IS),Bachelors,"$66,300","$99,500",36%
19,220,East Asian Studies,Bachelors,"$49,800","$99,400",42%
20,221,Accounting & Finance,Bachelors,"$59,200","$99,300",45%
21,221,Network Security,Bachelors,"$62,300","$99,300",50%
22,223,Information Technology (IT),Bachelors,"$59,100","$99,200",46%
23,224,Aviation Management,Bachelors,"$50,900","$99,100",58%
24,224,Occupational Health and Safety,Bachelors,"$59,900","$99,100",69%
0,226,Agribusiness,Bachelors,"$50,700","$98,900",53%
1,226,Business & Marketing,Bachelors,"$51,000","$98,900",45%
2,226,Computer Engineering Technology (CET),Bachelors,"$63,000","$98,900",47%
3,229,Computer Security,Bachelors,"$68,100","$98,700",43%
4,230,Operations & Supply Chain Management,Bachelors,"$61,300","$98,600",45%
5,231,Entomology,Bachelors,"$45,900","$98,500",-
6,232,Music Production & Engineering,Bachelors,"$43,100","$98,400",43%
7,232,Industrial Engineering Technology,Bachelors,"$67,200","$98,400",53%
8,234,Logistics & Supply Chain Management,Bachelors,"$59,000","$98,300",47%
9,234,Supply Chain Management,Bachelors,"$61,700","$98,300",41%
10,234,Accounts,Bachelors,"$59,800","$98,300",44%
11,237,Economics & Management,Bachelors,"$54,400","$98,200",-
12,237,Environmental Policy Analysis & Planning,Bachelors,"$51,000","$98,200",65%
13,237,Physical Therapy,Bachelors,"$55,500","$98,200",88%
14,240,European History,Bachelors,"$52,300","$98,000",47%
15,240,Robotics & Automation,Bachelors,"$66,100","$98,000",63%
16,242,Geological Engineering,Bachelors,"$61,700","$97,900",54%
17,242,Manufacturing Technology,Bachelors,"$59,900","$97,900",46%
18,244,Chemistry,Bachelors,"$51,600","$97,500",55%
19,245,Business Logistics & Transportation,Bachelors,"$56,400","$97,400",44%
20,246,Food Science & Technology,Bachelors,"$53,100","$97,300",49%
21,247,City & Regional Planning,Bachelors,"$51,800","$97,200",70%
22,247,Civil Engineering Technology (CET),Bachelors,"$58,300","$97,200",60%
23,249,Electronics Engineering Technology (EET),Bachelors,"$64,300","$97,100",50%
24,249,English & Psychology,Bachelors,"$42,600","$97,100",-
0,249,Finance & Banking,Bachelors,"$55,300","$97,100",47%
1,249,Mechanical Design,Bachelors,"$60,900","$97,100",45%
2,253,Applied Technology,Bachelors,"$55,500","$97,000",62%
3,254,Marketing & Management,Bachelors,"$50,000","$96,900",45%
4,255,Technical & Scientific Communication,Bachelors,"$50,700","$96,800",37%
5,256,Financial Planning,Bachelors,"$54,000","$96,600",63%
6,256,Organizational Behavior,Bachelors,"$57,000","$96,600",51%
7,256,Marketing,Bachelors,"$51,700","$96,600",40%
8,259,Dairy Science,Bachelors,"$51,200","$96,200",68%
9,259,Project Management,Bachelors,"$56,800","$96,200",58%
10,261,Government & International Politics (GVIP),Bachelors,"$51,300","$96,100",49%
11,261,Latin American Studies,Bachelors,"$46,700","$96,100",62%
12,263,Industrial Design (ID),Bachelors,"$55,100","$95,900",41%
13,263,Web Design & Development,Bachelors,"$53,100","$95,900",44%
14,265,Computing & Information Systems (CIS),Bachelors,"$58,100","$95,800",40%
15,265,Electromechanical Engineering,Bachelors,"$70,500","$95,800",55%
16,265,Industrial Technology (IT),Bachelors,"$62,200","$95,800",50%
17,265,Information Technology (IT) & Systems,Bachelors,"$61,100","$95,800",47%
18,269,Biopsychology,Bachelors,"$53,300","$95,700",74%
19,269,Government & Politics,Bachelors,"$52,400","$95,700",51%
20,271,Microbiology & Immunology,Bachelors,"$54,900","$95,400",68%
21,271,Chemistry & Environmental Science,Bachelors,"$48,200","$95,400",-
22,273,Interactive Media Design,Bachelors,"$54,000","$95,300",38%
23,273,Risk Management,Bachelors,"$58,500","$95,300",42%
24,275,Cell Biology,Bachelors,"$50,100","$95,200",59%
0,276,Aeronautics,Bachelors,"$62,800","$95,100",64%
1,277,Welding Engineering Technology,Bachelors,"$74,700","$95,000",42%
2,278,Finance & Management Information Systems,Bachelors,"$63,900","$94,800",-
3,279,Computer Science (CS) & Business,Bachelors,"$81,100","$94,600",28%
4,280,Environmental Science & Policy,Bachelors,"$49,500","$94,500",59%
5,280,Marketing & Communications,Bachelors,"$49,600","$94,500",45%
6,280,Safety Management,Bachelors,"$60,100","$94,500",70%
7,283,Business Technology Management,Bachelors,"$57,400","$94,400",42%
8,283,Computer Networking Systems,Bachelors,"$55,600","$94,400",49%
9,285,Biomedical Sciences,Bachelors,"$43,600","$94,300",70%
10,285,Philosophy,Bachelors,"$52,600","$94,300",41%
11,285,Sales & Marketing,Bachelors,"$52,700","$94,300",48%
12,285,Manufacturing Engineering Technology,Bachelors,"$66,000","$94,300",49%
13,289,Environmental Health & Safety,Bachelors,"$57,600","$94,200",68%
14,290,Organizational Psychology,Bachelors,"$51,200","$94,100",50%
15,291,Industrial Psychology,Bachelors,"$50,000","$94,000",50%
16,291,Political Science,Bachelors,"$50,700","$94,000",47%
17,291,Real Estate Development,Bachelors,"$57,100","$94,000",-
18,294,Social Ecology,Bachelors,"$49,000","$93,700",-
19,295,Risk Management & Insurance,Bachelors,"$59,500","$93,600",46%
20,296,Radiation Therapy,Bachelors,"$68,400","$93,400",90%
21,297,French Literature,Bachelors,"$46,400","$93,300",50%
22,297,Occupational Therapy (OT),Bachelors,"$54,100","$93,300",88%
23,299,Advertising,Bachelors,"$47,200","$93,200",32%
24,300,Accounting,Bachelors,"$54,800","$93,100",42%
0,301,Geology,Bachelors,"$50,400","$93,000",54%
1,301,Strategic Communication,Bachelors,"$47,100","$93,000",42%
2,301,Transportation & Logistics Management,Bachelors,"$57,600","$93,000",48%
3,304,Financial Accounting,Bachelors,"$56,100","$92,900",51%
4,305,Cell & Molecular Biology,Bachelors,"$51,900","$92,800",68%
5,305,Industrial Safety,Bachelors,"$55,200","$92,800",78%
6,305,Insurance,Bachelors,"$56,000","$92,800",43%
7,305,Manufacturing Management,Bachelors,"$64,000","$92,800",49%
8,305,Networks & Telecommunications,Bachelors,"$54,300","$92,800",56%
9,310,Labor Studies,Bachelors,"$46,600","$92,600",49%
10,310,Digital Media Design,Bachelors,"$46,700","$92,600",31%
11,310,Advertising & Marketing Communications,Bachelors,"$48,300","$92,600",36%
12,313,Cinema Studies,Bachelors,"$47,900","$92,500",33%
13,313,Electronic & Computer Technology,Bachelors,"$63,800","$92,500",58%
14,313,Marketing Communication,Bachelors,"$45,700","$92,500",39%
15,316,Construction Technology,Bachelors,"$59,100","$92,400",-
16,317,Architecture,Bachelors,"$51,000","$92,300",53%
17,318,Applied Statistics,Bachelors,"$65,900","$92,200",47%
18,319,Biological Sciences,Bachelors,"$49,300","$92,100",66%
19,319,Food Science,Bachelors,"$52,500","$92,100",51%
20,319,Urban & Regional Planning,Bachelors,"$51,800","$92,100",60%
21,322,Marketing Management,Bachelors,"$51,300","$92,000",42%
22,323,Computer & Network Administration,Bachelors,"$56,800","$91,900",47%
23,324,Applied Computer Science,Bachelors,"$66,100","$91,800",44%
24,325,Sales,Bachelors,"$61,500","$91,600",44%
0,326,Environmental Design,Bachelors,"$47,700","$91,400",55%
1,326,Hotel Management,Bachelors,"$49,100","$91,400",44%
2,328,Advertising Design,Bachelors,"$52,700","$91,300",28%
3,328,Digital Arts,Bachelors,"$45,600","$91,300",35%
4,328,Financial Management,Bachelors,"$54,300","$91,300",54%
5,331,Electronic Systems Technology (EST),Bachelors,"$81,000","$91,200",-
6,332,Italian Language,Bachelors,"$51,400","$91,100",43%
7,333,German Studies,Bachelors,"$50,000","$91,000",42%
8,334,Quality Management,Bachelors,"$57,400","$90,800",60%
9,335,Microbiology,Bachelors,"$48,400","$90,300",68%
10,335,Entrepreneurship,Bachelors,"$54,800","$90,300",47%
11,337,Interactive Media,Bachelors,"$52,700","$90,200",35%
12,337,Global Business Management,Bachelors,"$55,900","$90,200",52%
13,337,Network Systems Administration,Bachelors,"$57,900","$90,200",50%
14,337,Police Science,Bachelors,"$55,400","$90,200",-
15,341,Hydrology,Bachelors,"$48,700","$90,100",-
16,342,Business Data Analysis,Bachelors,"$64,700","$90,000",36%
17,342,Database Management,Bachelors,"$65,900","$90,000",-
18,342,Spanish Literature,Bachelors,"$51,100","$90,000",50%
19,345,Business Technology,Bachelors,"$52,800","$89,900",42%
20,346,Business Management & Marketing,Bachelors,"$48,900","$89,800",48%
21,347,Technical Management,Bachelors,"$64,400","$89,700",62%
22,348,Human Biology,Bachelors,"$51,100","$89,600",70%
23,349,Meteorology,Bachelors,"$46,200","$89,500",57%
24,350,Computer Graphics Technology (CGT),Bachelors,"$49,000","$89,200",40%
0,350,Urban Planning,Bachelors,"$50,500","$89,200",53%
1,352,Aviation Technology,Bachelors,"$58,100","$89,100",49%
2,352,Environmental Health,Bachelors,"$50,000","$89,100",65%
3,354,Agricultural Science,Bachelors,"$48,900","$88,900",59%
4,354,Agronomy,Bachelors,"$50,200","$88,900",65%
5,354,International Studies,Bachelors,"$50,000","$88,900",51%
6,357,Design,Bachelors,"$52,800","$88,800",40%
7,358,Applied Science,Bachelors,"$46,400","$88,700",-
8,358,Architectural Engineering Technology,Bachelors,"$52,200","$88,700",59%
9,358,German Language,Bachelors,"$50,700","$88,700",41%
10,361,Technology,Bachelors,"$56,200","$88,600",64%
11,362,Advertising & Promotion,Bachelors,"$46,100","$88,500",46%
12,363,Pre-law,Bachelors,"$46,800","$88,400",45%
13,364,Digital Media,Bachelors,"$47,300","$88,200",38%
14,365,Biological Anthropology,Bachelors,"$46,200","$88,100",49%
15,365,Personal Financial Planning,Bachelors,"$53,800","$88,100",60%
16,367,Professional Pilot Education,Bachelors,"$63,700","$88,000",-
17,367,Textile Technology,Bachelors,"$54,000","$88,000",42%
18,367,Web & Digital Media Development,Bachelors,"$52,300","$88,000",33%
19,370,Entrepreneurial Studies,Bachelors,"$48,700","$87,900",37%
20,371,Fashion Design,Bachelors,"$47,500","$87,700",27%
21,372,Retailing,Bachelors,"$51,300","$87,600",35%
22,373,Business Communication,Bachelors,"$50,900","$87,300",47%
23,373,Environmental Science,Bachelors,"$49,100","$87,300",59%
24,375,Product Design Engineering,Bachelors,"$65,500","$87,200",35%
0,376,English Literature,Bachelors,"$47,700","$87,000",45%
1,376,Logistics,Bachelors,"$57,600","$87,000",41%
2,378,Math & Science,Bachelors,"$55,600","$86,900",66%
3,379,International Trade & Business,Bachelors,"$54,800","$86,800",27%
4,379,Pre-Medicine,Bachelors,"$50,800","$86,800",67%
5,379,Speech & Drama,Bachelors,"$37,500","$86,800",-
6,379,Toxicology,Bachelors,"$44,600","$86,800",-
7,383,Advertising & Marketing,Bachelors,"$49,000","$86,700",38%
8,383,Geographic Information Systems (GIS) & Spatial Analysis,Bachelors,"$54,000","$86,700",57%
9,383,Marketing & Mass Communications,Bachelors,"$45,400","$86,700",41%
10,383,Welding Technology,Bachelors,"$48,400","$86,700",-
11,387,General Business,Bachelors,"$50,200","$86,600",51%
12,388,Construction Engineering Technology,Bachelors,"$55,800","$86,400",53%
13,388,Architectural Studies,Bachelors,"$45,400","$86,400",42%
14,390,Aviation Maintenance Technology,Bachelors,"$51,000","$86,300",60%
15,391,Communication Studies & Journalism,Bachelors,"$44,800","$86,200",47%
16,391,Management,Bachelors,"$51,600","$86,200",48%
17,393,General Science,Bachelors,"$49,100","$86,100",60%
18,393,Magazine Journalism,Bachelors,"$46,800","$86,100",32%
19,395,Electronics & Computer Technology,Bachelors,"$55,600","$86,000",-
20,395,Theatre & Drama Studies,Bachelors,"$44,800","$86,000",49%
21,397,Animation,Bachelors,"$45,000","$85,900",35%
22,397,Biology & Chemistry,Bachelors,"$49,200","$85,900",66%
23,397,Diagnostic Medical Ultrasound,Bachelors,"$67,700","$85,900",67%
24,397,History & Politics,Bachelors,"$49,500","$85,900",51%
0,397,Public Affairs,Bachelors,"$52,700","$85,900",50%
1,397,Romance Languages,Bachelors,"$53,000","$85,900",53%
2,397,Physiology,Bachelors,"$49,300","$85,900",63%
3,404,Corporate Communications,Bachelors,"$48,500","$85,700",42%
4,404,International Affairs,Bachelors,"$51,600","$85,700",52%
5,404,Nursing Science,Bachelors,"$66,800","$85,700",84%
6,404,Organizational Development,Bachelors,"$53,800","$85,700",54%
7,404,Textile & Apparel Studies,Bachelors,"$47,100","$85,700",30%
8,409,Business Administration,Bachelors,"$52,800","$85,600",50%
9,409,Business Administration & Accounting,Bachelors,"$52,400","$85,600",55%
10,409,Philosophy & Religion,Bachelors,"$43,800","$85,600",55%
11,412,Architectural Design,Bachelors,"$47,700","$85,400",60%
12,413,Textile Design,Bachelors,"$50,000","$85,200",43%
13,413,Interpersonal & Organizational Communication,Bachelors,"$42,400","$85,200",56%
14,415,Geographic Information Systems (GIS),Bachelors,"$50,000","$85,100",52%
15,416,Business Management,Bachelors,"$51,700","$85,000",51%
16,417,Linguistics,Bachelors,"$52,100","$84,900",43%
17,418,French Language,Bachelors,"$49,600","$84,800",47%
18,419,Communication,Bachelors,"$48,000","$84,700",45%
19,419,Neuroscience,Bachelors,"$51,800","$84,700",58%
20,421,Business Management & Human Resources Management (HRM),Bachelors,"$46,800","$84,600",57%
21,421,Journalism & Mass Communication,Bachelors,"$46,300","$84,600",44%
22,423,Accounting & Management,Bachelors,"$55,500","$84,500",52%
23,424,Sociology & Organizational Studies,Bachelors,"$53,500","$84,300",57%
24,425,Crop Science,Bachelors,"$48,700","$84,200",60%
0,425,French Studies,Bachelors,"$52,400","$84,200",57%
1,425,Writing,Bachelors,"$44,200","$84,200",42%
2,425,Nursing,Bachelors,"$65,000","$84,200",83%
3,429,History,Bachelors,"$47,800","$84,100",46%
4,430,Biology,Bachelors,"$47,100","$84,000",65%
5,430,Land Surveying,Bachelors,"$51,900","$84,000",54%
6,432,Architectural Technology,Bachelors,"$46,700","$83,900",61%
7,432,Health Care,Bachelors,"$44,400","$83,900",74%
8,432,Integrated Marketing Communications,Bachelors,"$47,000","$83,900",36%
9,435,Agriculture,Bachelors,"$47,700","$83,800",61%
10,436,Digital Design,Bachelors,"$50,000","$83,600",40%
11,436,Marketing & Advertising,Bachelors,"$49,300","$83,600",44%
12,436,Organizational Communication,Bachelors,"$46,400","$83,600",49%
13,439,Visual Effects & Motion Graphics,Bachelors,"$48,100","$83,400",38%
14,440,Public Relations & Communication,Bachelors,"$45,700","$83,300",47%
15,440,General & Strategic Management,Bachelors,"$51,200","$83,300",55%
16,442,Foreign Languages,Bachelors,"$48,400","$83,100",52%
17,442,Retail Merchandising,Bachelors,"$50,900","$83,100",31%
18,444,Agribusiness Management,Bachelors,"$47,700","$83,000",46%
19,444,Global Business,Bachelors,"$55,800","$83,000",31%
20,444,Professional & Technical Writing,Bachelors,"$48,500","$83,000",44%
21,447,Computer Art,Bachelors,"$40,400","$82,900",31%
22,447,Environmental Management,Bachelors,"$50,200","$82,900",62%
23,447,Environmental Studies,Bachelors,"$48,500","$82,900",59%
24,447,Journalism,Bachelors,"$45,900","$82,900",44%
0,447,Travel Industry Management,Bachelors,"$52,600","$82,900",-
1,452,International Development Studies,Bachelors,"$47,700","$82,800",64%
2,452,Natural Sciences,Bachelors,"$45,100","$82,800",55%
3,452,Retail & Consumer Science,Bachelors,"$51,800","$82,800",32%
4,452,Literature,Bachelors,"$46,800","$82,800",47%
5,456,Bachelor in Science Nursing,Bachelors,"$64,000","$82,700",81%
6,456,History & Political Science,Bachelors,"$50,600","$82,700",50%
7,456,Museum Studies,Bachelors,"$38,900","$82,700",50%
8,459,Computer Information Management,Bachelors,"$49,400","$82,600",-
9,459,Dental Hygiene,Bachelors,"$72,700","$82,600",80%
10,459,Law,Bachelors,"$54,300","$82,600",53%
11,459,Network Technology,Bachelors,"$59,800","$82,600",57%
12,463,Media Studies,Bachelors,"$50,700","$82,400",38%
13,464,Environmental Geography,Bachelors,"$50,200","$82,300",52%
14,465,Law Enforcement,Bachelors,"$46,700","$82,200",60%
15,466,Nuclear Medicine,Bachelors,"$60,300","$81,900",81%
16,466,Bachelor of Science in Nursing,Bachelors,"$63,800","$81,900",83%
17,468,Computer Animation,Bachelors,"$46,800","$81,800",36%
18,468,Landscape Architecture,Bachelors,"$51,500","$81,800",65%
19,468,Publishing,Bachelors,"$46,300","$81,800",39%
20,471,Interior Architecture,Bachelors,"$47,600","$81,500",45%
21,472,Diagnostic Medical Sonography,Bachelors,"$64,300","$81,400",86%
22,472,Environmental & Natural Resource Economics,Bachelors,"$52,400","$81,400",65%
23,472,Public Relations (PR),Bachelors,"$45,600","$81,400",42%
24,472,Workforce Education & Development,Bachelors,"$59,900","$81,400",80%
0,476,American History (United States),Bachelors,"$50,900","$81,300",52%
1,477,Drama,Bachelors,"$47,400","$81,100",47%
2,478,Management (MGT),Bachelors,"$47,000","$81,000",62%
3,479,Merchandising Management,Bachelors,"$46,800","$80,900",38%
4,480,Environmental Biology,Bachelors,"$45,000","$80,800",70%
5,481,Accounting & Business,Bachelors,"$52,400","$80,700",48%
6,482,Automotive Technology & Service Management,Bachelors,"$48,800","$80,500",32%
7,482,Speech Communication,Bachelors,"$46,700","$80,500",54%
8,484,Allied Health,Bachelors,"$44,800","$80,400",78%
9,485,Agricultural Systems Technology,Bachelors,"$60,500","$80,300",-
10,485,Emergency Management,Bachelors,"$50,900","$80,300",80%
11,485,Network Administration,Bachelors,"$48,700","$80,300",56%
12,488,Communication Management,Bachelors,"$46,000","$80,200",38%
13,489,Historic Preservation,Bachelors,"$43,400","$80,000",-
14,490,Broadcast Journalism,Bachelors,"$42,900","$79,900",50%
15,490,Broadcast & Cinematic Arts,Bachelors,"$42,800","$79,900",43%
16,492,Automotive Technology,Bachelors,"$48,100","$79,800",47%
17,492,Business Management & Administration,Bachelors,"$51,400","$79,800",53%
18,494,Agricultural Business,Bachelors,"$52,700","$79,700",51%
19,494,Technology Management,Bachelors,"$56,400","$79,700",47%
20,496,Global Studies,Bachelors,"$51,200","$79,600",46%
21,496,Professional Studies,Bachelors,"$42,800","$79,600",62%
22,498,Interpersonal Communications,Bachelors,"$45,000","$79,500",53%
23,499,Forestry,Bachelors,"$45,900","$79,400",67%
24,499,Homeland Security,Bachelors,"$49,200","$79,400",72%
0,501,Ancient History,Bachelors,"$46,000","$79,300",-
1,501,Botany,Bachelors,"$42,600","$79,300",73%
2,501,Geography,Bachelors,"$49,700","$79,300",52%
3,504,Computer Aided Design (CAD),Bachelors,"$48,700","$79,200",-
4,504,Nutrition Science,Bachelors,"$49,500","$79,200",70%
5,506,Acting,Bachelors,"$44,200","$79,100",50%
6,506,Public Management,Bachelors,"$50,200","$79,100",66%
7,508,Nuclear Medicine Technology,Bachelors,"$61,700","$79,000",82%
8,509,Apparel & Textile Manufacture,Bachelors,"$48,300","$78,900",37%
9,509,English Language & Literature,Bachelors,"$46,400","$78,900",44%
10,509,Urban Studies,Bachelors,"$51,500","$78,900",57%
11,512,Mass Communication,Bachelors,"$44,800","$78,800",44%
12,513,Forestry Management,Bachelors,"$48,600","$78,700",71%
13,513,Radio/Television & Film Production,Bachelors,"$45,700","$78,700",39%
14,515,Hospital Management,Bachelors,"$53,200","$78,600",45%
15,516,Human Resources Management (HRM),Bachelors,"$47,900","$78,500",55%
16,517,Marine Science,Bachelors,"$46,100","$78,400",64%
17,518,American Sign Language Interpreting,Bachelors,"$43,100","$78,300",87%
18,518,English & History,Bachelors,"$45,700","$78,300",49%
19,518,English Language,Bachelors,"$44,600","$78,300",45%
20,521,Cytotechnology,Bachelors,"$61,900","$78,200",89%
21,521,Geosciences,Bachelors,"$48,700","$78,200",62%
22,521,Hospital Administration,Bachelors,"$51,200","$78,200",57%
23,524,Film Production,Bachelors,"$44,600","$78,100",33%
24,524,Marine Biology,Bachelors,"$43,300","$78,100",66%
0,526,Zoology,Bachelors,"$42,100","$77,900",67%
1,527,Communication Design,Bachelors,"$51,700","$77,800",34%
2,528,Leadership,Bachelors,"$47,200","$77,500",57%
3,528,Music Technology,Bachelors,"$44,800","$77,500",39%
4,528,Musicology,Bachelors,"$40,000","$77,500",-
5,528,Technical Writing,Bachelors,"$53,300","$77,500",42%
6,532,Agricultural Communication,Bachelors,"$44,600","$77,400",52%
7,532,Logistics Management,Bachelors,"$56,300","$77,400",49%
8,534,German Language & Literature,Bachelors,"$49,400","$77,300",47%
9,535,Administration,Bachelors,"$44,600","$77,100",58%
10,535,Apparel Merchandising,Bachelors,"$47,600","$77,100",35%
11,535,Computer Aided Drafting & Design (CADD),Bachelors,"$49,100","$77,100",52%
12,535,Organizational Leadership & Supervision,Bachelors,"$49,600","$77,100",51%
13,535,Printing Technology,Bachelors,"$46,200","$77,100",-
14,535,Spanish Language,Bachelors,"$47,700","$77,100",51%
15,541,Multimedia,Bachelors,"$44,700","$77,000",45%
16,542,Spanish Language Teacher Education,Bachelors,"$45,500","$76,900",73%
17,542,Public Administration,Bachelors,"$46,700","$76,900",57%
18,542,Human Nutrition,Bachelors,"$48,600","$76,900",85%
19,545,Audio Engineering,Bachelors,"$48,300","$76,800",39%
20,545,Graphics Technology & Management,Bachelors,"$39,500","$76,800",38%
21,545,Physical Anthropology,Bachelors,"$52,900","$76,800",51%
22,548,Organizational Leadership,Bachelors,"$50,500","$76,700",58%
23,549,Environmental Health Science,Bachelors,"$53,800","$76,600",61%
24,549,Health Sciences,Bachelors,"$44,600","$76,600",70%
0,551,Journalism & Electronic Media,Bachelors,"$45,200","$76,500",48%
1,552,Religious Studies,Bachelors,"$43,900","$76,300",55%
2,553,Art History,Bachelors,"$46,600","$76,200",45%
3,553,Radiologic Science,Bachelors,"$57,600","$76,200",81%
4,555,3D Animation,Bachelors,"$51,800","$76,000",42%
5,556,Culture Studies,Bachelors,"$48,100","$75,900",40%
6,556,Merchandising,Bachelors,"$53,100","$75,900",31%
7,558,Administrative Management,Bachelors,"$52,700","$75,800",50%
8,558,Human Resources (HR),Bachelors,"$47,300","$75,800",56%
9,558,Liberal Arts,Bachelors,"$44,500","$75,800",53%
10,561,Adult Education & Training,Bachelors,"$48,700","$75,600",79%
11,561,Fashion Merchandising,Bachelors,"$46,900","$75,600",29%
12,561,Health & Fitness,Bachelors,"$39,800","$75,600",67%
13,564,Natural Resources,Bachelors,"$47,400","$75,500",64%
14,564,Organizational Management,Bachelors,"$48,800","$75,500",57%
15,566,Modern Languages,Bachelors,"$50,300","$75,400",53%
16,566,Natural Resource Management,Bachelors,"$46,500","$75,400",60%
17,566,Retail Management,Bachelors,"$50,100","$75,400",35%
18,566,Sociology & Anthropology,Bachelors,"$44,500","$75,400",50%
19,570,Creative Writing,Bachelors,"$45,300","$75,200",41%
20,571,Criminal Justice Administration,Bachelors,"$45,700","$75,100",56%
21,572,Ethnic Studies,Bachelors,"$47,500","$74,900",63%
22,572,Philosophy & Religious Studies,Bachelors,"$49,300","$74,900",61%
23,572,Radiology,Bachelors,"$54,800","$74,900",80%
24,575,Medical Laboratory Technology,Bachelors,"$56,900","$74,400",82%
0,575,Sports Management,Bachelors,"$45,400","$74,400",43%
1,577,Anthropology & English,Bachelors,"$48,000","$74,300",-
2,577,Broadcast Communication,Bachelors,"$40,000","$74,300",44%
3,577,Criminology,Bachelors,"$44,700","$74,300",54%
4,577,Earth Science,Bachelors,"$50,000","$74,300",48%
5,577,Media & Technology,Bachelors,"$45,200","$74,300",43%
6,577,Visual Communications,Bachelors,"$45,400","$74,300",38%
7,583,Advertising & Graphic Design,Bachelors,"$46,800","$74,200",37%
8,583,Applied Behavior Analysis,Bachelors,"$38,700","$74,200",81%
9,583,Psychology,Bachelors,"$44,700","$74,200",56%
10,586,Applied Management,Bachelors,"$45,500","$74,100",53%
11,586,Hotel & Restaurant Management,Bachelors,"$47,300","$74,100",48%
12,588,Anthropology,Bachelors,"$46,400","$73,900",46%
13,589,Arts Management,Bachelors,"$39,400","$73,800",48%
14,589,Diagnostic Medical Imaging,Bachelors,"$60,600","$73,800",73%
15,591,Communication Arts,Bachelors,"$42,400","$73,600",39%
16,591,Middle Eastern Studies,Bachelors,"$57,100","$73,600",48%
17,591,Radiologic Technology,Bachelors,"$55,200","$73,600",83%
18,591,Painting & Printmaking,Bachelors,"$34,700","$73,600",41%
19,595,Cardiopulmonary Science,Bachelors,"$48,900","$73,400",90%
20,595,Human Relations,Bachelors,"$45,000","$73,400",63%
21,597,Humanities,Bachelors,"$48,500","$73,200",49%
22,598,Health Care Administration,Bachelors,"$45,800","$73,100",69%
23,599,Health Care Management,Bachelors,"$46,700","$73,000",72%
24,599,Life Sciences,Bachelors,"$53,100","$73,000",64%
0,601,Ecology,Bachelors,"$46,400","$72,900",57%
1,601,Media Arts,Bachelors,"$46,500","$72,900",34%
2,603,Respiratory Care,Bachelors,"$54,800","$72,800",84%
3,604,Art & Design,Bachelors,"$45,100","$72,700",38%
4,604,Health Information Management,Bachelors,"$49,000","$72,700",69%
5,604,Hospitality Management,Bachelors,"$46,400","$72,700",43%
6,607,Health Teacher Education,Bachelors,"$37,900","$72,600",46%
7,607,Sports Medicine,Bachelors,"$50,100","$72,600",77%
8,607,Multimedia & Web Design,Bachelors,"$50,200","$72,600",34%
9,610,Sociology,Bachelors,"$46,200","$72,500",55%
10,611,Liberal Studies,Bachelors,"$44,300","$72,400",56%
11,612,Interior Design,Bachelors,"$45,100","$72,300",50%
12,612,Medical Laboratory Science,Bachelors,"$55,600","$72,300",85%
13,612,Secondary Education,Bachelors,"$44,600","$72,300",59%
14,615,Child Psychology,Bachelors,"$38,900","$72,200",64%
15,615,Exercise Physiology,Bachelors,"$44,100","$72,200",76%
16,615,Radiography,Bachelors,"$55,300","$72,200",85%
17,618,Archaeology,Bachelors,"$45,900","$72,100",46%
18,618,Art Administration,Bachelors,"$40,200","$72,100",56%
19,618,Hotel & Restaurant Tourism,Bachelors,"$44,300","$72,100",49%
20,618,Illustration,Bachelors,"$45,200","$72,100",36%
21,622,Arts & Science,Bachelors,"$45,700","$71,900",-
22,622,Health,Bachelors,"$44,200","$71,900",73%
23,622,Turfgrass Management,Bachelors,"$53,100","$71,900",51%
24,625,Animal Science & Management,Bachelors,"$44,200","$71,800",55%
0,626,SocialStudies,Bachelors,"$45,800","$71,700",57%
1,627,Human Resources Development,Bachelors,"$48,600","$71,600",50%
2,627,Speech Pathology & Audiology,Bachelors,"$44,100","$71,600",78%
3,629,Clinical Laboratory Science,Bachelors,"$55,100","$71,500",83%
4,629,Forensic Science,Bachelors,"$46,000","$71,500",64%
5,629,Health Administration,Bachelors,"$42,700","$71,500",66%
6,632,Geomatics,Bachelors,"$52,300","$71,400",70%
7,632,Media Communication,Bachelors,"$47,000","$71,400",45%
8,634,Health Management,Bachelors,"$45,100","$71,300",-
9,634,Commercial Photography,Bachelors,"$43,800","$71,300",23%
10,636,Fashion Design & Marketing,Bachelors,"$45,300","$71,100",44%
11,636,Mass Media,Bachelors,"$40,300","$71,100",49%
12,638,Medical Technology,Bachelors,"$56,500","$71,000",81%
13,639,Respiratory Therapy,Bachelors,"$54,500","$70,900",82%
14,640,Theater,Bachelors,"$44,600","$70,700",50%
15,641,Forensic Psychology,Bachelors,"$43,000","$70,600",54%
16,641,Kinesiology,Bachelors,"$44,800","$70,600",66%
17,643,Performing Arts,Bachelors,"$45,700","$70,500",57%
18,643,Psychology & Social Behavior,Bachelors,"$45,800","$70,500",59%
19,643,Religion,Bachelors,"$44,400","$70,500",59%
20,643,Radio & Television,Bachelors,"$43,100","$70,500",41%
21,647,Technology Teacher Education,Bachelors,"$47,700","$70,400",57%
22,648,Educational Studies (ED),Bachelors,"$40,300","$70,200",65%
23,648,Music,Bachelors,"$44,300","$70,200",55%
24,648,Business Leadership,Bachelors,"$50,100","$70,200",45%
0,651,Drafting & Design,Bachelors,"$51,000","$70,100",69%
1,651,Plant Sciences,Bachelors,"$48,000","$70,100",60%
2,653,Criminal Justice,Bachelors,"$42,800","$69,800",56%
3,653,Web Design,Bachelors,"$49,900","$69,800",25%
4,655,Graphic Design,Bachelors,"$45,100","$69,700",37%
5,656,Nutrition,Bachelors,"$48,100","$69,600",65%
6,656,Nutrition & Dietetics,Bachelors,"$50,800","$69,600",72%
7,658,Missions,Bachelors,"$41,300","$69,500",-
8,659,Dramatic Art,Bachelors,"$41,400","$69,400",-
9,660,Fashion Marketing & Management,Bachelors,"$47,700","$69,100",30%
10,661,Interdisciplinary Studies (IS),Bachelors,"$44,600","$68,900",56%
11,662,Hospitality & Tourism,Bachelors,"$44,200","$68,800",41%
12,662,Human Ecology,Bachelors,"$42,100","$68,800",54%
13,662,Ornamental Horticulture,Bachelors,"$46,000","$68,800",69%
14,662,Physical Therapist Assistant Studies,Bachelors,"$49,900","$68,800",85%
15,662,Public Health (PH),Bachelors,"$46,000","$68,800",69%
16,667,Art Therapy,Bachelors,"$41,100","$68,600",80%
17,667,Dietetics,Bachelors,"$51,300","$68,600",74%
18,667,Landscape Management,Bachelors,"$52,300","$68,600",-
19,670,Applied Sociology,Bachelors,"$42,200","$68,500",57%
20,670,Fine Arts,Bachelors,"$43,200","$68,500",44%
21,670,Modern Language Spanish,Bachelors,"$43,800","$68,500",52%
22,670,Women's Studies,Bachelors,"$45,200","$68,500",59%
23,670,Social & Criminal Justice,Bachelors,"$44,800","$68,500",59%
24,675,Animal Science,Bachelors,"$41,200","$68,300",64%
0,675,New Media,Bachelors,"$46,000","$68,300",33%
1,675,Textiles & Clothing,Bachelors,"$45,100","$68,300",47%
2,678,Event Management,Bachelors,"$41,700","$68,200",40%
3,679,Family & Consumer Science,Bachelors,"$42,600","$68,000",59%
4,680,Speech-Language Pathology,Bachelors,"$44,100","$67,900",70%
5,681,Technical Theatre,Bachelors,"$41,000","$67,600",42%
6,682,Education,Bachelors,"$44,100","$67,500",65%
7,682,Foods & Nutrition,Bachelors,"$47,000","$67,500",68%
8,682,Recreation Management,Bachelors,"$42,300","$67,500",58%
9,685,Business & Healthcare Management,Bachelors,"$46,900","$67,300",69%
10,686,Agricultural Teacher Education,Bachelors,"$53,500","$67,100",-
11,687,Music Composition,Bachelors,"$44,000","$66,900",51%
12,688,Art,Bachelors,"$43,400","$66,700",46%
13,688,Psychology & Sociology,Bachelors,"$42,800","$66,700",53%
14,690,Drawing & Painting,Bachelors,"$42,800","$66,600",48%
15,691,Nonprofit Management,Bachelors,"$42,300","$66,300",79%
16,692,Small Business Management,Bachelors,"$47,100","$66,200",38%
17,693,Behavioral Science,Bachelors,"$43,000","$66,000",62%
18,694,Horticulture & Agronomy,Bachelors,"$52,500","$65,900",-
19,695,Health Services Administration,Bachelors,"$42,700","$65,800",63%
20,695,Multidisciplinary Studies,Bachelors,"$41,800","$65,800",53%
21,695,Restaurant & Food Service Management,Bachelors,"$43,900","$65,800",45%
22,698,Consumer Affairs,Bachelors,"$51,000","$65,700",43%
23,699,Training and Development,Bachelors,"$52,600","$65,600",-
24,699,Health & Exercise Science,Bachelors,"$41,700","$65,600",67%
0,699,Electronic Media,Bachelors,"$45,300","$65,600",37%
1,702,Environmental Resource Management,Bachelors,"$48,700","$65,500",65%
2,703,Theatre Arts,Bachelors,"$43,500","$65,300",51%
3,704,Applied Linguistics,Bachelors,"$46,800","$65,200",44%
4,705,African American & African Studies,Bachelors,"$46,400","$65,100",60%
5,705,Exercise & Sports Science,Bachelors,"$42,600","$65,100",70%
6,705,General Studies,Bachelors,"$43,600","$65,100",52%
7,705,Justice Studies,Bachelors,"$45,300","$65,100",50%
8,705,Video Production,Bachelors,"$42,800","$65,100",33%
9,710,Graphic Arts,Bachelors,"$42,700","$64,900",41%
10,710,Physical Education Teaching,Bachelors,"$42,200","$64,900",69%
11,712,Health Services Management,Bachelors,"$41,600","$64,800",83%
12,712,Physical Education & Exercise Science,Bachelors,"$44,100","$64,800",72%
13,712,Drawing,Bachelors,"$37,400","$64,800",39%
14,715,Exercise Science,Bachelors,"$41,400","$64,700",73%
15,716,Printmaking,Bachelors,"$38,400","$64,300",40%
16,716,Sports Administration,Bachelors,"$43,300","$64,300",47%
17,716,Theology,Bachelors,"$42,800","$64,300",68%
18,719,Interior Design & Merchandising,Bachelors,"$43,700","$64,200",37%
19,719,Recreation & Leisure Studies,Bachelors,"$40,300","$64,200",60%
20,721,Human Development,Bachelors,"$43,700","$64,100",64%
21,721,Music Industry,Bachelors,"$45,800","$64,100",38%
22,721,Wildlife Management,Bachelors,"$39,700","$64,100",49%
23,721,Supervision & Management,Bachelors,"$41,700","$64,100",57%
24,725,Health & Wellness,Bachelors,"$40,100","$64,000",70%
0,725,Culinary Arts & Food Service Management,Bachelors,"$41,300","$64,000",50%
1,725,Mortuary Science,Bachelors,"$43,500","$64,000",85%
2,728,Clinical Psychology,Bachelors,"$43,000","$63,900",65%
3,728,Community Health Education,Bachelors,"$42,600","$63,900",75%
4,728,Dance,Bachelors,"$45,100","$63,900",62%
5,731,Speech Pathology,Bachelors,"$42,800","$63,700",69%
6,732,Gender Studies,Bachelors,"$45,500","$63,600",55%
7,732,Secondary English Teacher Education,Bachelors,"$42,000","$63,600",64%
8,734,Photography,Bachelors,"$43,800","$63,500",38%
9,735,English Teacher Education,Bachelors,"$43,300","$63,100",57%
10,735,Paralegal Studies,Bachelors,"$39,600","$63,100",50%
11,735,Social Studies Teacher Education,Bachelors,"$43,400","$63,100",65%
12,738,Teaching English as a Second Language (ESL),Bachelors,"$42,800","$63,000",73%
13,738,Music Teacher Education,Bachelors,"$42,000","$63,000",62%
14,740,Health Promotion,Bachelors,"$42,300","$62,800",69%
15,740,Recording Arts,Bachelors,"$44,800","$62,800",48%
16,742,Photojournalism,Bachelors,"$41,900","$62,600",59%
17,743,Recreation Administration,Bachelors,"$47,000","$62,500",71%
18,744,Radio Broadcasting,Bachelors,"$46,300","$62,400",33%
19,745,Sculpture,Bachelors,"$40,300","$62,200",47%
20,746,Painting,Bachelors,"$40,700","$62,000",44%
21,746,Psychology & Social Sciences,Bachelors,"$42,600","$62,000",68%
22,748,Health & Physical Education Teaching,Bachelors,"$38,700","$61,900",65%
23,749,Organizational Administration,Bachelors,"$45,000","$61,800",-
24,750,Tourism Management,Bachelors,"$43,100","$61,600",38%
0,750,Instrumental Music Teacher Education,Bachelors,"$41,700","$61,600",65%
1,752,Emergency Medical Services (EMS),Bachelors,"$44,200","$61,400",-
2,753,Community Health,Bachelors,"$45,400","$61,300",72%
3,754,Health & Human Performance,Bachelors,"$38,100","$61,100",68%
4,755,Music Therapy,Bachelors,"$43,100","$60,700",93%
5,756,Social Services,Bachelors,"$39,900","$60,500",82%
6,757,Rehabilitation Services,Bachelors,"$35,800","$60,200",79%
7,758,Horticulture,Bachelors,"$43,000","$60,100",59%
8,759,University Studies,Bachelors,"$42,400","$60,000",49%
9,760,Church Ministries,Bachelors,"$40,000","$59,900",79%
10,761,Communicative Disorders,Bachelors,"$47,400","$59,800",73%
11,761,Social Science Teacher Education,Bachelors,"$45,400","$59,800",-
12,761,Wildlife Biology,Bachelors,"$42,900","$59,800",60%
13,764,Community Development,Bachelors,"$44,600","$59,400",63%
14,764,Psychology & Human Services,Bachelors,"$35,600","$59,400",-
15,766,Athletic Training,Bachelors,"$42,100","$59,300",75%
16,767,Biblical Studies,Bachelors,"$40,500","$59,000",72%
17,768,Biblical Studies & Practical Ministries,Bachelors,"$36,400","$58,900",76%
18,768,Counseling Psychology,Bachelors,"$42,700","$58,900",64%
19,768,Recreational Studies,Bachelors,"$42,100","$58,900",69%
20,768,Teaching,Bachelors,"$42,000","$58,900",72%
21,772,Home Economics,Bachelors,"$41,800","$58,700",69%
22,772,Library & Information Science,Bachelors,"$48,200","$58,700",48%
23,774,Human Development & Family Studies,Bachelors,"$40,300","$58,600",66%
24,774,Tourism & Travel,Bachelors,"$42,200","$58,600",43%
0,776,Landscape Design,Bachelors,"$49,000","$58,500",63%
1,777,Ceramics,Bachelors,"$42,200","$58,300",51%
2,777,Clinical Social Work (CSW),Bachelors,"$43,500","$58,300",-
3,777,Parks & Recreation Management,Bachelors,"$42,700","$58,300",56%
4,780,Pastoral Ministry,Bachelors,"$38,700","$58,000",83%
5,780,Vocal Performance,Bachelors,"$42,600","$58,000",65%
6,782,Art Teacher Education,Bachelors,"$40,300","$57,500",62%
7,782,Bible Studies & Theology,Bachelors,"$40,000","$57,500",67%
8,784,Forensic Accounting,Bachelors,"$48,300","$57,200",48%
9,785,Communication Sciences & Disorders,Bachelors,"$43,300","$57,100",76%
10,785,Legal Assistant Studies,Bachelors,"$38,100","$57,100",38%
11,787,Special Education,Bachelors,"$41,300","$57,000",76%
12,788,Conservation Biology,Bachelors,"$42,800","$56,900",57%
13,789,Family Studies,Bachelors,"$39,200","$56,800",68%
14,790,Christian Ministry,Bachelors,"$38,100","$56,400",79%
15,790,Speech & Hearing,Bachelors,"$43,300","$56,400",76%
16,792,Health and Human Services,Bachelors,"$43,500","$56,300",65%
17,793,Musical Theatre,Bachelors,"$43,500","$56,100",50%
18,794,History Teacher Education,Bachelors,"$47,700","$55,600",46%
19,795,Developmental Psychology,Bachelors,"$38,200","$55,000",-
20,796,Therapeutic Recreation,Bachelors,"$39,500","$54,900",82%
21,797,Applied Behavioral Science,Bachelors,"$40,500","$54,600",50%
22,797,Community & Human Services,Bachelors,"$42,400","$54,600",80%
23,797,Social Work (SW),Bachelors,"$38,600","$54,600",76%
24,800,Office Administration,Bachelors,"$38,700","$54,500",65%
0,801,Ministry,Bachelors,"$36,700","$54,300",81%
1,801,Family & Community Services,Bachelors,"$42,200","$54,300",74%
2,803,Youth Ministry,Bachelors,"$37,400","$54,200",76%
3,804,Elementary Education,Bachelors,"$40,000","$53,800",69%
4,805,Voice & Opera,Bachelors,"$34,500","$53,300",57%
5,806,Christian Education,Bachelors,"$38,700","$53,200",82%
6,806,Conflict Resolution,Bachelors,"$44,400","$53,200",50%
7,808,Baking & Pastry Arts,Bachelors,"$37,500","$53,000",44%
8,808,Human Services Management,Bachelors,"$45,600","$53,000",-
9,810,Hospitality & The Culinary Arts,Bachelors,"$38,800","$52,900",-
10,811,Human Services (HS),Bachelors,"$38,700","$52,500",71%
11,812,Counseling,Bachelors,"$39,900","$51,700",78%
12,813,Recreational Therapy,Bachelors,"$38,400","$51,600",84%
13,814,Child Development,Bachelors,"$37,400","$51,400",73%
14,815,Educational Psychology,Bachelors,"$36,900","$51,200",-
15,816,Middle School Education,Bachelors,"$41,200","$50,800",73%
16,817,Mental Health Counseling,Bachelors,"$36,100","$50,000",78%
17,818,Early Childhood & Elementary Education,Bachelors,"$38,000","$48,400",77%
18,819,Equine Studies,Bachelors,"$35,700","$47,100",50%
19,820,Addiction Studies,Bachelors,"$38,000","$47,000",84%
20,821,Child & Family Studies,Bachelors,"$36,400","$46,500",73%
21,822,Rehabilitation Counseling,Bachelors,"$39,200","$46,400",-
22,823,Outdoor Education,Bachelors,"$37,400","$46,300",52%
23,824,Early Childhood Education,Bachelors,"$36,100","$45,400",78%
24,825,Mental Health,Bachelors,"$36,900","$45,000",-
0,826,Medical Assisting,Bachelors,"$36,000","$44,800",-
1,827,Metalsmithing,Bachelors,"$40,000","$40,300",33%
